0.0,0.0,0.0,0.0,0.0,0.0,0.0,0.0,0.0,0.0,0.0,0.0,0.0,0.0,0.0,0.0,0.0,0.0,0.0,0.0,0.0,0.0,0.0,0.0,0.0,0.0,0.0,0.0,0.0,0.0,0.0,0.0,0.0,0.0,0.0,0.0,0.0,0.0,0.0,0.0,0.0,0.0,0.0,0.0,0.0,0.0,0.0,0.0,0.0,0.0,0.0,0.0,0.0,0.0,0.0,0.0,0.0,0.0,0.0,0.0,0.0,0.0,0.0,0.0,0.0,0.0,0.0,0.0,0.0,0.0,0.0,0.0,0.0,0.0,0.0,0.0,0.0,0.0,0.0,0.0,0.0,
9.561792499119553,8.194849193727318,7.111995827704492,6.240677809792355,5.929455306725622,0.0,-0.980207846369043,-1.0434906165393514,-1.0949304729504188,0.0,-0.18321801500530843,0.8734438082021203,1.5795555879207643,0.0,-0.3824716999647819,-1.4036250709161044,-1.3509173429072376,-1.3025955967941318,6.964813469148628,5.8125586790465125,4.055912989448601,3.5976470748445983,0.0,0.0,0.014578448659588114,-0.9090110330837421,-0.7843639235063872,2.545571252522031,3.946100736189378,4.0742833724957315,3.103065262676383,0.0,1.5911679409633763,2.4845208683682714,2.380003499559236,1.275381487612985,1.8847943463926116,0.0,6.33617977778554,5.636675826778077,4.156412418913576,4.843054012517079,0.0,5.815261650653209,5.045647724840871,4.1841116878647036,2.5097039513362187,2.610467629905148,3.815764837660719,3.482635162105116,4.258939286580814,2.665841311875485,2.7236039852162097,3.856879098949287,-1.0523778851684997,-0.019874004537491757,0.652355136868716,2.2302192463789763,1.200179105385938,0.5125333356662813,0.8658937916022108,1.0675844586710848,2.3180945205215218,6.259071122398631,6.617936575687214,5.040246073530515,3.8833109644957515,0.0,1.7546226245643501,2.7114337039024274,1.8768870543203389,1.2644112173292235,8.929987221939655,7.3904453739659495,8.086474244496792,7.419579755994603,0.0,6.7629764311358915,0.0,6.799478113168323,6.0187886889207896,
18.209306240276913,17.535437897542824,17.010035372505268,16.513193427228067,16.06193491989455,0.0,-0.9065088824577747,0.03261055491061982,0.845164227992286,0.0,15.94455257504952,16.53601832812623,16.201074617021284,0.0,-0.7283722496110769,7.957913338519738,8.909452823198151,8.843077763915922,15.444966922449654,15.254218729317707,13.94096804582217,13.669011790311155,0.0,0.0,11.297191075670314,10.117823609500444,9.891817505828822,15.087530497415422,15.797567750581802,13.152775043298243,11.54090682959405,0.0,12.427586267192886,12.755614746344753,12.298416207923996,10.931449091298674,12.084880180346792,0.0,14.143004638294158,13.640913783773042,12.053156361161552,13.704860312428586,0.0,13.518619895212312,13.052208818024072,13.415771386070476,12.029541929726411,13.689288658686145,14.292973961969397,12.24352522556459,14.225495410422294,12.578668322782331,13.215283521940956,13.948910853524572,13.873643926889697,13.827770119396602,12.863936250544707,13.138074902590924,11.152212206551047,12.523600285582924,12.575579317582745,13.051623192450089,14.719784382676178,16.19107830943414,14.956719299646029,13.75156905695339,13.156806401577946,0.0,14.303424406692505,13.763076517771259,12.769036721786795,12.193903064643473,16.15944048662932,14.662153001203013,15.938347890060605,15.331400025083399,0.0,15.678107157145863,0.0,15.037516836961254,14.427030003768298,
26.029962661171957,25.266961851836466,24.653735946491544,24.071196066911945,23.544617502097637,0.0,15.774499817178313,15.683286346350434,15.560952197165296,0.0,23.5882531495992,24.09488707705958,23.68367225125112,0.0,15.77810985700777,17.04184403415537,16.775901848988813,16.604649408290005,23.35051623887444,23.119919919960918,22.5966776342179,23.17919450588904,0.0,0.0,19.62747857691525,17.862764756484218,17.65262287688318,22.88144112858561,23.343580396600153,22.821336108671236,21.69527011183417,0.0,21.790996877585766,21.173990884811136,19.985716925305713,18.704875321686618,22.3633161715992,0.0,22.362425137593124,20.921166836239856,20.758540261182382,23.323446070222303,0.0,21.11928318690787,20.844662769034105,22.228709095755598,21.335213182170246,21.14174971483269,21.98365309980787,21.43802538569507,23.678268941302576,21.91564825346594,20.834550580678066,21.921878674206056,22.404699468315563,23.707618018232946,22.878526795914492,22.687904052633545,21.103061167659757,20.403076756232977,21.752510748705323,20.74113995604607,21.86857668155815,24.833736809800264,25.254157853716613,21.46916384094238,20.53477437309623,0.0,22.530721182909073,23.221523959559388,20.514901316197047,20.29002663118095,24.878601998193293,23.44279852663678,23.513373296400786,22.79696333387287,0.0,23.740791582109516,0.0,22.53561478266725,21.916098580019685,
33.10282414303197,32.25915645315079,31.566411300603985,30.906218087161605,30.311297474583817,0.0,24.321950285999964,23.13172778258915,22.619911250010407,0.0,30.500928503711645,30.930759866580697,30.45044014645837,0.0,24.459248590853168,25.814227027841934,24.205205754859477,23.7059739998863,30.325105619360844,29.96137674105255,29.35784639865746,29.877683676423466,0.0,0.0,28.663898250323534,25.232799220226813,24.808047207248542,29.796468891089003,30.316101232926606,29.828311610851383,28.36086540680283,0.0,29.947674491799347,30.496105277772244,27.240860879342105,25.933774474306777,29.212740033318834,0.0,30.46976167371912,29.895959744073075,28.840057137766575,31.30820171754197,0.0,28.185682082334576,28.176457688507853,30.132961649190722,29.264445585239436,29.763601295747147,31.04159295966737,30.106607812271516,31.63864095846496,29.67808498672371,28.227193822751435,29.39919598991288,30.35087877113699,31.606428502542958,30.96445847795349,31.311360797573837,29.63794997166643,29.75025100916185,28.52688012385983,28.67612264125709,30.024403011873318,32.817618085527414,33.16310828986542,31.324773321623454,28.15679233692547,0.0,29.716160702342556,29.50631820103895,28.036335498825515,26.359811623885292,32.68866859187101,31.49547012290128,30.988588850785515,30.208140785934898,0.0,31.032538852499318,0.0,29.210245826090805,28.45882379205548,
39.49939328624637,38.582771911693044,37.81811097102003,37.08768946417104,36.43096151313849,0.0,31.156714382669936,30.717054173380042,29.845489577370348,0.0,36.752628174127686,37.11300066866349,36.57018371219814,0.0,31.209961511574345,32.42949773811265,31.92673265533647,30.828309443224207,36.555590783252796,36.14093888395605,35.47175159811787,35.93559102729933,0.0,0.0,35.02350868224755,33.36564030202068,31.79456156943754,35.93838518180423,36.20596649841754,35.27820606908531,34.079783660016425,0.0,36.690637570435676,36.51560534969304,35.64302445098559,32.710407573957106,35.63636747125003,0.0,36.51589619573261,36.879180469477795,35.663384458730675,38.069274975711316,0.0,35.590616521470366,34.673918873386974,37.003190884312225,36.120389673456216,37.08508213669244,38.37569250703923,36.913469322369394,38.34475227996944,36.417468277460934,35.6941903795013,35.69368620392477,37.17216641824731,38.370199706349716,37.728101318372545,38.714499403654656,36.902185898169755,36.53133164508823,36.09999872078332,34.59838357652484,35.51836424366258,39.598442643788616,39.88673241502667,38.110693204301555,36.72451541439364,0.0,36.40528799727647,37.00874266560531,35.17388314508813,33.91439464399047,39.63288383351191,38.29926667330035,38.891296933561286,38.10574515303051,0.0,37.627064379334215,0.0,35.31330235919886,34.65949207876455,
45.284335760923895,44.30173638164699,43.47203609128207,42.67810137471699,41.965475974680885,0.0,37.739292989257116,37.50526947106153,37.06767440809611,0.0,42.406553294389724,42.70410843345415,42.104770096701984,0.0,37.767380890845985,39.06762495960922,38.742748814981965,38.21375942263664,42.16310257127985,41.72689859560527,41.00078470350901,41.414223465483765,0.0,0.0,41.71450513103597,39.98934494774511,39.35581845486592,41.510356292153965,41.98871724471217,41.74089413846434,40.675971412523666,0.0,42.815969031641465,43.263272361271035,42.2946059353561,40.400550785211436,41.93174515107745,0.0,43.11452578524296,43.00673785541643,41.7729730611615,44.10386968404149,0.0,42.132122565021426,41.04609119354169,43.266372272353124,42.27360909552988,43.17298449279733,44.4208144569963,43.461712418915695,44.35838075416321,42.25022747318674,41.53704395534651,42.113873848249206,43.427017447477525,44.506375996500005,43.446002138137054,44.66734229753627,42.86414766504102,42.36837165709611,40.84520318662948,40.348627558958164,42.50167422360437,45.8552350654509,46.05617980447237,44.10717116130465,42.93523383224363,0.0,42.253619226819616,41.857118316954924,40.176219912767074,40.604964984944125,45.898482214100895,44.34996668882507,44.28279421612815,43.53852832660443,0.0,43.59103505899171,0.0,41.25525846798116,40.6227671646979,
50.516134039979335,49.47386533588557,48.585344623489064,47.73396969853049,46.97079164757686,0.0,42.77407833994283,42.51059279029677,42.02251101441561,0.0,47.51986182659672,47.76060607537338,47.11015081543508,0.0,42.805892721646025,43.97725218367445,43.641723571459316,43.05166911502615,47.224834093792616,46.777779284078406,46.0010468052928,46.36898972402189,0.0,0.0,46.5113856978514,44.79539369703012,44.08440932032729,46.54352904068667,47.17527987450958,46.92615227606894,45.82081748278753,0.0,47.89191654454545,47.9547364278938,47.022157509828446,45.11763189776173,47.53974873891547,0.0,48.25781748916067,48.1002675469535,46.87836365674332,49.16796779395504,0.0,47.400537657979896,46.00213121224917,48.8652824597023,47.75444412180765,48.26431846144678,49.46145253742286,48.458863863623684,49.37615937191135,47.34165077844113,46.792768171791245,46.93874789037634,49.03150447152462,50.01265146920294,48.532712960992605,49.662644444744366,47.81467737470347,47.43760248193656,46.9369070014913,45.821059654775716,46.76402347001854,51.463702769990306,51.59835774781749,49.605206007826354,47.94036811440042,0.0,47.742916084047565,48.178645740445184,46.21912928903158,45.02834289497658,51.507415288649824,49.899701538264424,50.36604710149687,49.43960294421521,0.0,48.98474323755202,0.0,46.181800743991566,45.44738026884985,
55.247678623618995,54.151446051733,53.20972920400667,52.306406384192236,51.49750942190464,0.0,47.092589767763144,46.797883569228986,46.306056765350256,0.0,52.144246407114316,52.33361190504944,51.63692741605199,0.0,47.1285322051538,48.299401472571915,47.932888661926626,47.34583851562768,51.79918736955496,51.34536629654348,50.5231602497243,50.849987735803225,0.0,0.0,50.83979809522939,49.087324077366105,48.3884443485495,51.33671429947683,51.825304621724875,51.67699270590387,50.52270291798695,0.0,52.26170534240262,52.28248479419208,51.31110255957125,49.43157825918064,52.57899431170813,0.0,53.06241178292144,52.826592656826286,51.28635278493652,53.526449294869806,0.0,51.773456604576594,50.955495601350925,53.898113333478044,52.764293071125515,53.109686217127944,54.24658143116357,53.158405015109885,53.72112242559022,51.602701944260595,51.17043684617384,51.94909180296214,54.060897664529485,55.045968412493316,54.165156601061426,54.48340659290625,52.57130371399725,51.74176852438888,50.806190035411404,50.18418650047577,52.23887912698254,56.485781451098184,56.56025614470775,54.516517754460985,52.84183769686926,0.0,52.50186501487994,51.912596996063,50.098503588294925,50.26546521041736,56.529936330028455,54.750630947628714,54.55876592123256,53.67278292424469,0.0,53.86271623207039,0.0,51.09918259003451,50.34833016095553,
59.52680273216768,58.381766205552225,57.39193972657386,56.44163616181734,55.59139183563036,0.0,50.97055981897642,50.64320684945108,50.124131298991124,0.0,56.32645692968151,56.46935640631919,55.730863031219165,0.0,51.01034295093075,52.17378964723927,51.7737218314254,51.15251768811408,55.934956421392755,55.47609058872975,54.612866610342884,54.90252068340335,0.0,0.0,54.71476783248224,52.92411832291682,52.18186428282749,55.82757629510802,56.187766547041065,55.9053678872752,54.68262819192889,0.0,56.143656336290825,56.15325066654553,55.14419950594667,53.20941766603811,57.07991229651294,0.0,57.25946533927911,56.956278735651985,55.19189487073155,57.394538984764594,0.0,55.63706700308785,54.55969241454832,58.392786399239014,57.18989869458094,57.286091343155825,58.37659737091259,57.2251002648139,57.57487030185167,55.47195632648333,54.98158270375671,55.525761837410094,58.5579312812223,59.492419962273104,58.54598046729121,58.597154738873314,56.64106903425296,55.626311661172835,55.1328878977152,54.438493302631315,55.388821806592745,60.98306802966324,61.00922067404878,58.97423970802085,57.26828100732946,0.0,57.006552171347174,57.23247060732523,55.1244173584903,53.599752385252245,61.027128537727585,59.21987336699406,59.59947430566575,58.59190830924138,0.0,58.274267570689844,0.0,54.98596023063577,54.13920801468542,
63.39676587267714,62.20759192421483,61.17425595709683,60.18146384874415,59.29382570779772,0.0,54.436273099462255,54.07287048395438,53.5216076973538,0.0,60.1087731602045,60.209649600083786,59.433345017816514,0.0,54.48078479664785,55.65118526234752,55.215271850587314,54.56327922808159,60.01443810745883,59.24573054011882,58.314912251282266,58.56792801153177,0.0,0.0,58.2124236162418,56.38006651016043,55.6096570821383,59.85692129260928,60.161578865119004,59.96548203405731,58.750710321923044,0.0,59.84980852470724,59.67039439722699,58.615058282822545,56.65745942728397,61.11234634021684,0.0,61.32722622085794,61.02539713864611,59.28067488940355,61.15357942643247,0.0,59.07059232674159,58.23545884972759,62.41894195874497,61.17719597222878,61.348224798259416,62.44592139842278,61.25623393986913,61.32160764812764,59.19160166384375,58.44118931165279,59.33235896818454,62.582822757801466,63.46466654470531,62.48115873882942,62.6758896644713,60.67394915257564,59.37471704760266,58.921202882488956,58.41728875042047,59.64309543793194,65.00858652571374,64.97858682944425,62.83455267305098,61.05955226971604,0.0,60.87805006749749,60.08531927968728,58.12848240674454,57.66570258796504,65.05382063218529,63.08924620049321,62.82252636162195,61.850010028983476,0.0,62.26399552431837,0.0,58.47201592258528,57.655401072399115,
66.8966911678987,65.66760012628097,64.59491495799669,63.5636969724224,62.64224053569131,0.0,58.19779990290911,57.777023906194174,57.159959796185234,0.0,63.52943216110437,63.59230371980193,62.78180335953815,0.0,58.2488037131174,59.5172562186617,59.00263855447081,58.26278862580942,63.66438708660461,62.94730391634263,61.6922228755745,61.88605356720955,0.0,0.0,62.16883428693777,60.22966564871731,59.34771750516792,63.469431649685376,63.741239363825414,63.50088497898126,62.25553942875237,0.0,63.457355889974714,63.6833441911132,62.50447134643042,60.40917981349573,64.72396156505673,0.0,64.86340510603884,64.52961644459148,62.759503692661674,64.70017115153044,0.0,62.373697494204045,61.15739901080622,66.02597661217614,64.74887063781185,64.88602167323775,65.95236886044012,64.72493778640862,64.86797471866848,62.791639457895904,61.15091469664515,62.0982458314243,66.18977847365213,67.03770266178475,66.02088490103243,66.18630027687668,64.14478944350732,62.9579419393538,63.27964894958007,61.09464905726559,62.00757059390528,68.61517556487163,68.55309816469787,66.43318264128432,64.66343929099737,0.0,64.60222714563913,64.81253446255886,62.55927076726234,60.2429262570659,68.65968036412697,66.7383701204965,67.03673550656175,65.95068992269506,0.0,65.8722339697415,0.0,62.80772675217678,61.74367350694241,
70.0619608687669,68.796769523613,67.68849764312802,66.622527982978,65.67048688573192,0.0,61.0461015546506,60.6007845651048,59.985894777058604,0.0,66.62301484623568,66.65151547162966,65.81008906270485,0.0,61.100876042079506,62.250368785080475,61.730001889049454,61.006321002400036,66.93310222215885,66.16324998037219,64.73344493502864,64.88548451967118,0.0,0.0,64.81009781561411,62.88350404924069,62.031602644741,66.7042758289751,66.94450482996473,66.656119791557,65.37410171669691,0.0,66.45864549443458,66.25989386679933,65.10766609313626,63.05740278338496,67.95767986889925,0.0,68.01542021914858,67.64097753311025,65.83582031046436,67.73970019674259,0.0,65.36063737131197,64.4193860044079,69.25506578243109,67.94118158291802,68.03746744868,69.06106277503275,67.79927414547225,67.89970926899777,65.73015076752306,64.8769325245015,65.46529154157008,69.41893235519714,70.23038540942903,69.1717667047707,69.29225201688072,67.21675795468163,65.90543296211487,65.64175064323891,64.7691158218823,65.73979904823386,71.8443930949628,71.74640657605967,69.52806273785282,67.67923294523409,0.0,67.74079014842788,66.873533980332,64.87269609068018,63.27643640526273,71.88890419511758,69.93174546287865,69.53154771473855,68.48230415883457,0.0,69.13546014213982,0.0,65.89282931999537,64.80050902122622,
72.92457404880066,71.62673423622624,70.48627837111844,69.3888799194056,68.40917860341953,0.0,63.96292543727845,63.481935218140045,62.81205741087119,0.0,69.4207955742261,69.418211743639,68.5488163706543,0.0,64.02195027439039,65.26502887279923,64.69633089003645,63.90061406977973,69.85924187179828,69.04445577831491,67.31536495198739,67.57932842876626,0.0,0.0,67.91038602485965,65.91841002127282,64.97553608182085,69.60033055300508,69.80859224388756,69.48986210670274,68.18366047910828,0.0,69.25440282942726,69.41751130559659,68.19380041100811,66.03073169637436,70.85361124424725,0.0,70.84955269616259,70.44942398975085,68.61428520698642,70.49512153084032,0.0,68.25176651056563,66.75538215463965,72.14697588549487,70.80193725399673,70.87192516015205,71.87186984264076,70.57883892919631,70.65516210019877,68.55512420204182,67.59829863482683,67.68199850216436,72.31075305904034,73.09074361428938,72.00674883555803,72.1057356772871,69.99855148873499,68.72401001493459,69.31101195781947,66.72485115771725,67.49769693934576,74.73614667835535,74.60613448116727,72.41903856354732,70.58286113240277,0.0,70.80651647128354,70.93575367709035,68.59353699793611,65.73757248548975,74.78065113337044,72.79140570536013,73.022590056179,71.87010933462349,0.0,72.08666339915645,0.0,69.0506985523945,67.84480964583136,
75.5134700965071,74.18610359522106,73.01654111131802,71.8907190238766,70.88600230187127,0.0,66.19510846510398,65.70407448240314,65.05138639768468,0.0,71.95105831442568,71.92036225903789,71.0256722563009,0.0,66.25599814604165,67.39956757598893,66.83669031452496,66.07364158623011,72.47952264953543,71.62729425373234,69.84415652074918,70.0372017203455,0.0,0.0,69.96429787697618,67.99293862289434,67.09903492320912,72.19405646749831,72.37541650163807,72.01889059996324,70.6826304710887,0.0,71.65116358127405,71.41242125209094,70.21899478733864,68.123423967824,73.44671678787796,0.0,73.37599194851931,72.94218865314171,71.0787755205352,72.92924620385018,0.0,70.61532325543497,69.58755502570786,74.73637770152033,73.36166746679041,73.39784304703998,74.3620233346118,73.04148506116663,73.08334470383895,70.89956434535102,70.02980002787625,70.51982924120435,74.9002248193013,75.65084763301071,74.53210516348743,74.59315651254279,72.45885078261048,71.09166981155067,71.10554713972424,70.15181475761887,70.779395436987,77.32568239351976,77.16686110125337,74.88862381563744,72.98049606943916,0.0,73.34933381491905,72.38589903218508,70.32172912798495,68.63439501510071,77.37019317987773,75.35219897740492,74.89418250955177,73.78524517115203,0.0,74.75567872450996,0.0,71.38545808508141,70.22451330735436,
77.85482127611392,76.50075136682271,75.30486537861717,74.15333746451621,73.125997257708,0.0,68.60222529717686,68.08066964788163,67.37744879939915,0.0,74.23938258172484,74.18326233413867,73.26569632165969,0.0,68.66628116003852,69.89591119315294,69.28846700410526,68.45720338167072,74.82561882510217,73.94180714572562,72.11522165727014,72.25825839085955,0.0,0.0,72.5383668351093,70.5052914709062,69.52361166393987,74.51636007457651,74.67168528134057,74.29217599461364,72.93759023102356,0.0,73.92849236607401,74.04062214649005,72.77811623983979,70.57216850175828,75.76900804845806,0.0,75.64989741143174,75.19683859718101,73.31209820707477,75.16938079674053,0.0,72.9380438344477,71.35907665055515,77.05545358368744,75.65593918250883,75.67206959754232,76.61879259773067,75.27343255662831,75.32849935693528,73.24180861866617,72.43316333232693,72.28124351368054,77.21921390300791,77.94472773606573,76.80686298773595,76.85258276473323,74.69276646950016,73.6642571556005,74.48815765083941,73.40375638941724,72.07292506232146,79.64460515230739,79.46011540955462,77.21914689547296,75.32969559267816,0.0,75.88414795139632,75.97339923815173,73.74598429582265,70.33047413356566,79.68910937232592,77.64538613148468,77.82269741410755,76.6169417734033,0.0,77.16948834268342,0.0,74.07357439517399,72.76930672964997,
79.97229731425107,78.59407732141834,77.37438482777017,76.19960902481508,75.15180854387688,0.0,70.35259840086914,69.82609886489375,69.14491509354184,0.0,76.30890203087785,76.2297885995959,75.29153393395855,0.0,70.41785774549308,71.55729659156145,70.95940836379752,70.1652161549241,76.92674250565372,76.0169646974696,74.14655565103115,74.26450499526764,0.0,0.0,74.1271394008137,72.11699100740469,71.18870492266284,76.59631874380183,76.73023409059874,76.31939063577936,74.94003100592525,0.0,75.86366637776918,75.57579327389894,74.34473215868532,72.21132638185156,77.84842197621327,0.0,77.67473921486494,77.19384866696304,75.28878744827556,77.14432412309814,0.0,74.82195211329466,73.74431322003477,79.13188814846299,77.70840148236593,77.69637950469843,78.6129705479172,77.24587273151418,77.3016102762789,75.21721778194488,74.43215614173054,74.70680152903977,79.29571961542419,79.99756219670854,78.83060655183533,78.84400338184821,76.66260217902818,75.81800527897148,76.63644476893865,75.51785181686941,75.51239268753228,81.72117464577124,81.51356943985155,79.18730315511051,77.23162453666656,0.0,78.06400146448844,78.12798550799583,75.89159431336145,74.00399024030406,81.76568517995908,79.69890649999947,79.19452472744712,78.03771851628416,0.0,79.35249449384338,0.0,76.35492998745083,75.18162025190725,
81.88730468740302,80.48724379190537,79.2460211214663,78.05022034454969,76.9839159584386,0.0,72.35453098695005,71.81621385874807,71.13869887562971,0.0,78.18053832457396,78.08063027011018,77.1236651574003,0.0,72.42109729688084,73.6344620667226,73.01310447696014,72.2242819376537,78.80803308986698,77.876535915452,75.97178798286632,76.0775667491277,0.0,0.0,76.27016981762019,74.21915100513755,73.30051919589694,78.4585661064912,78.57145060683304,78.14324366650582,76.75001737526576,0.0,77.69437392954951,77.76582794934005,76.48015191046379,74.36444711048662,79.71070640828161,0.0,79.49936312596533,79.00405255704332,77.08126629461489,78.93447087018737,0.0,76.77529282852531,76.29906275447097,80.99160343540929,79.54840477440159,79.52134891328913,80.4254146623082,79.03828228590478,79.09336177746938,77.01012502591182,76.42882906091721,77.45837130320226,81.15535017983302,81.83717870539053,80.65611545396284,80.65912231672851,78.45712333134338,77.76734286744515,78.58166032913394,77.44941702687517,77.50697434592553,83.58073952199454,83.35256377894126,81.06839440579634,79.1362226005642,0.0,80.035448355601,80.07683262755828,77.82375815190338,75.92671519423075,83.62524355291369,81.53783409371073,81.67194411132527,80.42346689544283,0.0,81.32676612658636,0.0,78.32328188398773,77.12589233402376,
83.61920302919134,82.19938961282155,80.93869543642101,79.7238800499261,78.64084106365895,0.0,73.71134438867549,73.18051349619584,72.5388807903208,0.0,79.87321263952867,79.75449830060266,78.78061179494502,0.0,73.77748356312834,74.91431280436542,74.3131717970977,73.57571039798547,80.49295463631617,79.54394175082619,77.7757943721697,77.73421644351637,0.0,0.0,77.485615739124,75.46696413464294,74.61734864525236,80.12653179206818,80.2224128415741,79.76800883774365,78.35409189605164,0.0,79.2406385289475,78.93173847329328,77.68649201787476,75.66050975561141,81.37818661660737,0.0,81.12194336685636,80.60327539930361,78.6644573172121,80.51925484558312,0.0,78.34676861152369,78.43704502887567,82.65668516991413,81.194084331197,81.1434124937992,82.02183976879968,80.61736856783341,80.67674764164816,78.59916312054226,78.2011327807595,79.70898913746775,82.82050407407318,83.48322938139799,82.27761120670445,82.25279334214633,80.03362201173549,79.5255715100363,80.33980597916623,79.19166327853047,79.85639392961492,85.24595706311075,84.99923162501418,82.63445048381953,80.64064040917563,0.0,81.81837488076276,81.83920397269532,79.56691325543753,77.71341944251523,85.29046739494682,83.18456802994633,82.64300553883936,81.44781287238723,0.0,83.11226200243749,0.0,80.06972581268323,78.85949251363094,
85.18550084524216,83.74782360305935,82.46951974569383,81.237507887133,80.1393344284523,0.0,75.39031416696416,74.92962996964265,74.53429085829279,0.0,81.40403694880149,81.26831454331032,80.27912463318651,0.0,75.44813856801419,76.65307045015406,76.10676173211168,75.68158906666716,82.00154902763198,81.03805757582707,79.25539219170493,79.21567720006539,0.0,0.0,79.27643864345913,77.28303654270361,76.83747811434282,81.6198540918459,81.69870171104436,81.23144947701584,79.8072785659433,0.0,80.72006786729848,80.75963339310081,79.49812018825513,78.00306587051685,82.87158764835014,0.0,82.5862877196538,82.05715507739427,80.10443838303813,81.95968536734979,0.0,80.23291356539306,80.26345477546944,84.14803528592734,82.66980586149651,82.60811909030082,83.47798404934025,82.05741716168775,82.11910342882601,80.0457445625354,80.32136354480735,81.52697636232986,84.311771153602,84.95856806220256,83.74286361864675,83.71161931696155,81.47580119273015,81.11794973375669,81.93602453319514,80.82391087440448,81.6360794018352,86.7371589674562,86.47395105119783,84.15513854894151,82.18870888365562,0.0,83.43089906872589,83.43380459314486,81.14857354279145,79.5482817060602,86.78166284683822,84.65922103957892,84.75868759783852,83.47595159748477,0.0,84.72703246755943,0.0,81.64060693682849,80.44354427528455,
86.60203251420398,85.14819954816483,83.85396981098796,82.60640577133734,81.49454496709109,0.0,76.48450590142942,76.10786455267612,75.94694986576697,0.0,82.78848701409564,82.63738281807238,81.63435278326277,0.0,76.53265612931924,77.67353253290433,77.21951126498631,77.09179249113049,83.35272542921655,82.37789643344277,80.58261263857317,80.55429040334158,0.0,0.0,80.23395866353222,78.33259145398196,78.25895847982994,82.95744003759808,83.02282576088199,82.53349815509418,81.09191744753691,0.0,81.95805555922198,81.66797239534824,80.48335218504062,79.45007047306024,84.20873475006132,0.0,83.88629373844272,83.33739072817309,81.37203979527504,83.23108290652551,0.0,81.83806181288871,81.75066646058899,85.48324972777957,83.98928298314404,83.90761822531815,84.75544821451773,83.3210660693491,83.38934704179212,81.32368006215606,81.80120252722683,82.9844587108208,85.64705854775903,86.2784153910122,85.04179348676529,84.98633165653922,82.73687935656346,82.55327661600418,83.3743292416244,82.25204554059741,83.07725760635259,88.07250989877046,87.79441361656193,85.39874709544894,83.37435916318033,0.0,84.88917597759152,84.87530529500285,82.57325301958656,80.97457001214863,88.11702006823172,85.97974949510468,85.40837147713981,84.18239639663695,0.0,86.18740193146928,0.0,83.0562805057655,81.84643473326308,
87.8831183642953,86.41467445119164,85.10604163378467,83.84441248032914,82.72017308609897,0.0,77.82737988240272,77.41010681391703,77.22828025801617,0.0,84.04055883689233,83.87554362523034,82.85999682973902,0.0,77.87882480074235,79.07272861934281,78.55357206514668,78.3759753698033,84.56245534013557,83.57841379036488,81.77345193065663,81.76385991411954,0.0,0.0,81.687024051893,79.69738699943667,79.53848148576881,84.15491835603494,84.20647699603862,83.70791983625276,82.25897682904412,0.0,83.15119190521366,83.16461159973323,81.88039278439823,80.71660292623795,85.40632506189633,0.0,85.0617259842403,84.50552362042527,82.52928295738899,84.39046398224939,0.0,83.09246114010189,82.99460785914269,86.67920469637377,85.17288387816753,85.08342693746238,85.92587183477993,84.47854607099632,84.55083356825017,82.543331487395,83.04823153611439,84.22093915180186,86.84293183287726,87.46163659941244,86.21815316236237,86.15944320415798,83.89651164379084,83.85312571087601,84.67409007580208,83.53362973831673,84.30701425580529,89.26831842018925,88.97701790878749,86.63042479612916,84.6365235337413,0.0,86.20799921802791,86.17884479342794,83.86030738677918,82.19893789962683,89.31282217795534,87.16228763456635,87.23397331068892,85.92376490990138,0.0,87.50813389751961,0.0,84.33366712790917,83.10531789777528,
89.04170944366528,87.5600516519376,86.23839294694558,84.96404355668194,83.82860918755642,0.0,78.73622280910931,78.44773503487976,78.31339106476565,0.0,85.17291015005324,84.9953140652024,83.96844733571335,0.0,78.77438678634266,79.93017651478806,79.59050562636719,79.46144903627162,85.64600408023428,84.65512179854865,82.8901163288744,82.86210233762132,0.0,0.0,82.49598904371751,80.74370380634176,80.62585485047948,85.22766515144417,85.26913315508928,84.75594726816972,83.29641614495652,0.0,84.1545793027629,83.92745098838037,82.94693799213104,81.80593817398596,86.47868660853689,0.0,86.10903213652607,85.54140130546763,83.55538202313785,85.4204924060395,0.0,84.19113985280735,84.08422822040406,87.75004796734103,86.2318436688775,86.13064102528305,86.96149150209877,85.50286791122325,85.58138524299228,83.69509313204468,84.14410802830162,85.30729923094657,87.91376937662258,88.5205896517197,87.26535452686944,87.19502597729226,84.92062831849698,85.02616216209411,85.84883187099472,84.6888623449516,85.39039506642759,90.33915517312862,90.03596980784364,87.67762388125871,85.6721006409219,0.0,87.400708850528,87.35765175330901,85.02369413679207,83.28056065843539,90.38365885252529,88.22123935738209,88.28117203057771,86.95934116688186,0.0,88.70258021350665,0.0,85.48747490373253,84.23970035412411,
90.08951844811263,88.59591026141602,87.262471177181,85.97661783275824,84.83105892900718,0.0,79.81507699138437,79.46343878119951,79.30080536132124,0.0,86.19698838028867,86.00801437923785,84.97091010435098,0.0,79.85839973192537,81.04243617209818,80.60732162574287,80.445874629318,86.61630076436705,85.62013776151669,83.88689436476552,83.85391668277674,0.0,0.0,83.64044247719019,81.75496843024034,81.60583021794622,86.18810269810969,86.21942538277112,85.69418344975216,84.22526842375265,0.0,85.10531561639789,85.09955068375604,83.94584338309849,82.7812528865051,87.43896935793107,0.0,87.04685297804212,86.46899235345592,84.47429400812757,86.34375341839649,0.0,85.17080304218116,85.05585505095519,88.70897898865233,87.18013232734903,87.06840929557386,87.88887454764118,86.42013900709205,86.50527133070044,84.73431518955093,85.12274393787106,86.27733785980931,88.87269708731309,89.46887468591068,88.20311555116528,88.12238197636992,85.8377155455427,86.08610014252007,86.91096294030021,85.73214900986567,86.35894991460363,91.29808241887449,90.98425420219598,88.61538362267441,86.59945282924815,0.0,88.47936988127005,88.42370843943895,86.07559302178294,84.24874000929412,91.34258605217032,89.16952365187852,89.21893156590237,87.88669281471962,0.0,89.78281605124566,0.0,86.53028238109171,85.26390212795572,
91.03713812976764,89.53272222007188,88.18862917201271,86.89237185765668,85.7376565062725,0.0,80.5461208961094,80.290330465666,80.16283802853853,0.0,87.12314637512037,86.92388239060736,85.8775194631706,0.0,80.57966527385462,81.73715277066196,81.43591487982836,81.31043452102972,87.48514491228208,86.48514400412037,84.7875880635409,84.7508105868936,0.0,0.0,84.30061362925495,82.59257633704436,82.47387230404375,87.04814468560296,87.07023641496204,86.53435276018239,85.05705721914129,0.0,85.912737575051,85.7261726295473,84.80043953452686,83.65264355765977,88.29889624280548,0.0,87.88666665858872,87.29965460051369,85.29726876414284,87.17138469978022,0.0,86.05132913624779,85.92917405774327,89.56769541031831,88.02931859565267,87.90817473994872,88.71934112369081,87.24155970043148,87.33355782943082,85.67277738668258,86.00292558540072,87.14974826834074,89.73141054284521,90.318057696039,89.04287439224802,88.95282329921217,86.65896238613698,87.0438628376938,87.8713684572474,86.67505168420801,87.23048807655239,92.15679545789122,91.83343663796963,89.45514130237478,87.42989062610677,0.0,89.45488919831743,89.38781046182712,87.02680008724515,85.12041362156474,92.20129904988816,90.01870599808234,90.05868905968661,88.71713011526029,0.0,90.7597619796789,0.0,87.47306997131048,86.18946098928394,
91.89414838378197,90.37995816313409,89.02622986116455,87.72056338289198,86.55756710439765,0.0,81.40440881406697,81.10580683949571,80.95861963099397,0.0,87.96074706427221,87.75217700316384,86.69744071632225,0.0,81.44126449259295,82.62079791638521,82.25349202743396,82.10507567623779,88.2631676892457,87.26054688231063,85.60146926525955,85.56186944199295,0.0,0.0,85.20828779412257,83.40726879763412,83.26616730201926,87.81830373635518,87.83211143933795,87.2867185800903,85.80192708156474,0.0,86.67521013881955,86.65378366945109,85.60728109514716,84.44232716127073,89.06895511165276,0.0,88.63871545052216,88.04351674293433,86.03432333298605,87.91329874770501,0.0,86.84549885560602,86.71684977280648,90.33667031732955,88.78975932440616,88.66017928655043,89.4630195291882,87.9771459961154,88.07614495771172,86.52055639418806,86.79701061992787,87.93680705577238,90.50038279228386,91.07849549557784,89.79487292180913,89.69647815514476,87.39438467152279,87.90931057376697,88.73982669034585,87.52750719785324,88.01694028229113,92.9257673341888,92.59387392191142,90.20713878051923,88.17354222178183,0.0,90.33712977099893,90.25971291190949,87.88699968402616,85.90717637597345,92.97027088918762,90.7791432016775,90.81068637010627,89.46078125533182,0.0,91.6432943656068,0.0,88.32556757557604,87.02621964505101,
92.66921309561125,91.14618316334276,89.78374091044851,88.46956495298902,87.2990795524518,0.0,82.00494357957072,81.78035958268221,81.66017878993918,0.0,88.71825811355617,88.50127180358633,87.43896280059138,0.0,82.03421493812405,83.1939473518504,82.92982211193483,82.8089610943388,88.95987454826756,87.95564600755908,86.33691206987585,86.2953086796732,0.0,0.0,85.75564123029696,84.09098593390125,83.97306828030086,88.50797581986961,88.51436367057275,87.96045866893742,86.46896099521453,0.0,87.32601433283759,87.1762745697162,86.30444905026135,85.15209213307375,89.75853776332512,0.0,89.31217125103177,88.70964905114418,86.69442873239093,88.57837960800065,0.0,87.56285457659249,87.42834204035373,91.02528228831218,89.47072900520061,89.33359451554675,90.12897959886406,88.63586725075675,88.74190663960542,87.28653750730473,87.51437779728755,88.64782090209981,91.18899238214355,91.75946254283878,90.4682826686416,90.36241629000844,88.05295152346132,88.69134882644394,89.52515471869842,88.29830000924032,88.72747632418293,93.61437658976358,93.27484050631301,90.88054757549524,88.83947734413687,0.0,91.13501109096389,91.04823484975671,88.66491762003075,86.69063823891562,93.65888011161697,91.46010971400486,91.48409501376568,90.12671595960576,0.0,92.44234521812974,0.0,89.09648210736083,87.79079034243956,
93.37016772796161,91.83914331895514,90.46882032504209,89.14694854713825,87.96969011886789,0.0,82.68578086768831,82.43889038955253,82.30749525651149,0.0,89.40333752814975,89.17873971357075,88.10958208182758,0.0,82.71634235361333,83.89236791350308,83.59076207882677,83.45599081706605,89.58376858546157,88.57876745501221,87.00148142073566,86.95855725900171,0.0,0.0,86.47011899586393,84.7508691409273,84.61886020154193,89.12557267716689,89.12531653035946,88.56379000963224,87.06629260339668,0.0,87.93680297879197,87.90299695862264,86.9600192419668,85.79637474619457,90.37605449190956,0.0,89.9152474440782,89.30617397795574,87.28561921943964,89.17458983570877,0.0,88.21124367101032,88.07143234102911,91.6419297787278,90.08053288434364,89.9366335176655,90.72534331941122,89.2257555488286,89.33879715522501,87.97866355805172,88.16281145500758,89.2905094403249,91.80563773911761,92.36926405422541,91.07131667654374,90.95875960255295,88.64269474168636,89.39802234765996,90.2353158218281,88.99529561267241,89.36976026685389,94.23102164726146,93.88464160217595,91.48358072168159,89.43581787490699,0.0,91.85659962339406,91.76135073840132,89.36843204375971,87.38035343948097,94.27552513942086,92.06991074521332,92.08712802343584,90.72305610685939,0.0,93.16499248617198,0.0,89.79364671195385,88.48017218078081,
94.00409853285365,92.4658440623863,91.08839386755807,89.75956212759189,88.57617829444614,0.0,83.18675125895255,82.99359550881925,82.88160636897906,0.0,90.02291107066573,89.79142954775438,88.71607813893294,0.0,83.211768520258,84.3740988187499,84.14702778504756,84.03187126124398,90.14578869762484,89.14619490351058,87.60289465085555,87.55842961005611,0.0,0.0,86.93474563833311,85.31283777429212,85.19698770551894,89.68548758530667,89.73484152200625,89.11031518970509,87.60192601813502,0.0,88.47820651489398,88.35229866073121,87.53192940957237,86.37658694750144,90.92903666332671,0.0,90.45530318018565,89.84048377983925,87.817014543381,89.73483497099267,0.0,88.79745915420253,88.65285749685096,92.19413354777248,90.62660823363419,90.47665146775921,91.25939598503716,89.75420498161509,89.91241865238663,88.60788670213496,88.7490805605015,89.87158330911532,92.35783959884171,92.9153372940254,91.61132971030678,91.49278243237032,89.17082890128813,90.03660124180004,90.87750742595173,89.62557649242792,89.95047897942207,94.78322323888257,94.4307144710551,92.0235929408724,89.96983703092046,0.0,92.50919046607574,92.4062719859552,90.00466238022523,88.004089868047,94.8277267044587,92.61598355631733,92.62714011622609,91.25707479905702,0.0,93.81854172194342,0.0,90.42412762702732,89.10361382148811,
94.5774141895939,93.03262098114013,91.6487250735592,90.3135988686611,89.12467532914387,0.0,83.77407204924997,83.54245563913133,83.41368090641038,0.0,90.58324227666688,90.34553525133013,89.2645823015425,0.0,83.80266226196683,84.97979112457566,84.6967765320885,84.56287780061177,90.6458271727547,89.64153310904562,88.14501833398572,88.10074863502298,0.0,0.0,87.55995410632502,85.86012054303686,85.72619413713974,90.1749835966418,90.17030765806469,89.58885922177824,88.08119492650792,0.0,89.04344944002753,88.99613381418624,88.07282511424937,86.90382303372968,91.42422869131146,0.0,90.93903026997037,90.31979549899941,88.29972923981158,90.29114772542874,0.0,89.32752663170751,89.17859361276435,92.68862854012433,91.11561638715244,90.9602450586173,91.73772973621622,90.22819041755643,90.47840727231524,89.18156427288577,89.27920179873317,90.39700651236983,92.85233274736126,93.40434242662283,92.09490904898361,91.97100666718057,89.64386340347694,90.61365878831387,91.45823717696966,90.19553604323589,90.47558524538495,95.27771613288361,94.91971914774122,92.5071704648674,90.4480488131803,0.0,93.09938115592335,92.98952027268656,90.5800451675178,88.56816593234298,95.32221957322564,93.10498816788282,93.11071740899204,91.735285165381,0.0,94.40959993591088,0.0,90.99430786101146,89.66742747359882,
95.09591059287166,93.54520386698975,92.15547857233466,90.81465976618036,89.62072621551995,0.0,84.1984414616267,84.00110175977422,83.88449547633529,0.0,91.08999577544232,90.84665851730416,89.76063963427427,0.0,84.22363890824133,85.38887117821324,85.15569532263974,85.03465224946214,91.09537011462905,90.09712721852733,88.63606621635888,88.59129422178451,0.0,0.0,87.95354363357536,86.32218974122193,86.19933039992767,90.62450640166212,90.66590917072294,90.02797105588908,88.51157767412529,0.0,89.53259003464522,89.37380567349204,88.54148043894185,87.37834923193827,91.8676699173398,0.0,91.37221055495232,90.74906344685901,88.73242350781982,90.79316342646011,0.0,89.80684878402647,89.65399911647646,93.13144556500717,91.55352004230878,91.3933005269286,92.1660796866877,90.65268817953039,90.98951494587116,89.7002651041736,89.7585745862075,90.87213087149334,93.29514811098169,93.84224331468381,92.52795123164242,92.39925389943978,90.0674683585294,91.13511786636391,91.98338718996911,90.71094943165771,90.95042462497462,95.72053126742038,95.35761962053515,92.94021096449475,90.87628438261055,0.0,93.63313833665414,93.51699327933004,91.10040011650754,89.07829063809744,95.7650346850502,93.54288858157723,93.54375769519245,92.16351941115703,0.0,94.94414238990973,0.0,91.50995662143056,90.17731812529563,
95.5648294459526,94.00877464090846,92.61377735307516,91.26781026038459,90.06934574545073,0.0,84.7105635280757,84.46080717570854,84.32263086093873,0.0,91.54829455618282,91.29986541642094,90.20926499417358,0.0,84.74139369688743,85.91772071761797,85.61431488893027,85.47089297193219,91.49552628132356,90.49335521871613,89.07858088533865,89.03476269191437,0.0,0.0,88.50068711959038,86.77653655555864,86.63320597264983,91.01569116568942,91.00237108856592,90.41046115894834,88.89584586077076,0.0,89.99751575737926,89.9392448455192,88.98767810917217,87.80990573234618,92.2647686260324,0.0,91.76012587881914,91.1335129202264,89.1202839793563,91.2461892719449,0.0,90.24029333957725,90.08390192180704,93.52798530569227,91.9456599436751,91.78109937339498,92.54966895797767,91.03286554874438,91.4510690579395,90.16925980548243,90.1920657454869,91.30178017225168,93.6916863576569,94.23438068642136,92.9157377156909,92.78274699675275,90.44680893082366,91.60633874095282,92.45827738719173,91.17703816281663,91.3798168770031,96.11706930826149,95.74975661472985,93.3279958902958,91.2597665756055,0.0,94.11585813819441,93.99402479391412,91.57099019550236,89.53962527852248,96.16157270548423,93.93502552223279,93.93154242432401,92.54700036886223,0.0,95.42757300363752,0.0,91.9762900547866,90.63844379882602,
95.98891125131266,94.42801973933845,93.02825455537526,91.67763144462425,90.47506920681894,0.0,85.03675591952263,84.8286108332107,84.70562318143729,0.0,91.96277175848292,91.70973761225244,90.61499372806081,0.0,85.06331793123319,86.22786492389118,85.98292768183364,85.85520193732242,91.8561632798418,90.86084929284749,89.47969768351568,89.43592651791204,0.0,0.0,88.79423174880121,87.14898921212686,87.0192131499656,91.3775281496354,91.41267994562611,90.76389198696383,89.24118467759091,0.0,90.39252927967337,90.21542695093652,89.36764914614608,88.19758706493418,92.6203679146129,0.0,92.10750622801372,91.47782364807338,89.46795921664064,91.65501288669087,0.0,90.63225535748055,90.4726611597161,93.88308404211051,92.29681869900516,92.12837116273657,92.8931748854349,91.37335024278978,91.86787919138288,90.59331295931854,90.58407025080423,91.69031047541344,94.04678375044702,94.58553712971619,93.26299801383841,93.1261630111681,90.78651054995926,92.03216452782635,92.88771836611652,91.59852329311308,91.76811501048839,96.47216651610336,96.10091271480603,93.67525474682463,91.6031724089524,0.0,94.55242071485236,94.42543851988133,91.99657489310162,89.95683678759184,96.51666989498983,94.28618157380801,94.27880109971984,92.89040505082605,0.0,95.86477898520343,0.0,92.39802492845389,91.05546867152408,
96.37244323441773,94.80717749139394,93.40310030763534,92.04826637760958,90.84199823269098,0.0,85.47394949241645,85.21094798785498,85.06568319665669,0.0,92.33761751074302,92.08041867920704,90.98192752230457,0.0,85.5064162690274,86.68208506899191,86.36391383171775,86.21325673593233,92.17669648808129,91.17780363955684,89.8409206144658,89.79856419871503,0.0,0.0,89.26710769963898,87.5253866795086,87.37481937376167,91.68986558149037,91.66964081099863,91.06934153545997,89.5492553431954,0.0,90.77448581906086,90.7073267595238,89.73548120112666,88.55081706032799,92.93880474484625,0.0,92.41858732200241,91.78618668815713,89.77961549786846,92.02395328633627,0.0,90.98670660583667,90.82421613830054,94.20107263118562,92.61127910260646,92.43935119381442,93.20078603507594,91.6782867396535,92.24428755845781,90.97673209786994,90.9385600786671,92.04165857014848,94.36477113110969,94.89999542060727,93.57396737412324,93.43369021674599,91.09071530447291,92.4169711286462,93.2760602099497,91.97967374849813,92.11925328407182,96.79015373058077,96.41537069370624,93.98622277435008,91.91069012093212,0.0,94.94723958339056,94.815596862828,92.38145845038069,90.33414545012145,96.83465709299126,94.60063950877215,94.58976896050473,93.197921690881,0.0,96.26018023801835,0.0,92.77942669186417,91.43261062181529,
96.71930268513054,95.15008096595352,93.74210408687253,92.38346196737355,91.17384226649004,0.0,85.80731047127438,85.53498436629859,85.385303706807,0.0,92.67662128998019,92.4156559917059,91.31377586853354,0.0,85.84093919524337,87.01653406983962,86.6875045674631,86.5324264291412,92.46619354940601,91.47463878863397,90.16862218385911,90.12663748243389,0.0,0.0,89.60354342750404,87.84836195042449,87.6935223057385,91.98140195203537,92.01168757588314,91.35562326016232,89.83447790863929,0.0,91.11733126666661,91.04598001090497,90.057493787362,88.86908481910358,93.22396408601948,0.0,92.6982409936616,92.07204755138878,90.15318864745117,92.36811495132432,0.0,91.30724176212576,91.14213217701557,94.48583061898726,92.8928874115967,92.7179398675845,93.477308769744,91.96166267625122,92.58533460587323,91.32353388286032,91.25913098415555,92.35938829429853,94.64952688252056,95.18159196620061,93.85245017497178,93.70919414582869,91.3643548229615,92.76483484474959,93.62725116483334,92.32436203703543,92.43679404471119,97.07490920790622,96.69696588201927,94.26469388713271,92.18608278962978,0.0,95.30430642248231,95.16844679529693,92.72953614555841,90.67537060605598,97.11941254316106,94.88223454120715,94.86823879271343,93.47330233058601,0.0,96.61777404350016,0.0,93.12435405656099,91.77368547114315,
97.0329961549026,95.46019672180346,94.04869302817488,92.6866068503781,91.47395606235655,0.0,86.10708002043735,85.82742864816878,85.67417891470643,0.0,92.98321023128256,92.71883860800398,91.61389356448436,0.0,86.14163512031956,87.31693685024685,86.97957236005284,86.8209326980279,92.72295858827543,91.72804327031491,90.46348501994167,90.42317727868716,0.0,0.0,89.90508660994928,88.13991569413737,87.98164518662277,92.23060809284813,92.20583541652681,91.60042085799225,90.08645676955048,0.0,91.42349020173222,91.34858400358812,90.34832967618078,89.15685894982913,93.47932222431277,0.0,92.94837841393772,92.32491009308582,90.45352635703524,92.67461872426212,0.0,91.59710517105735,91.42962707755082,94.7408292970356,93.14506340329483,92.96738526619113,93.72459801231885,92.21173760727903,92.89292249199262,91.63706179592747,91.54902615124243,92.64671419635019,94.90452377222249,95.43375957385463,94.10182660787294,93.95587018483471,91.60896808168575,93.07914953584785,93.94482730121037,92.63606149719344,92.72394853356882,97.32990587525758,96.94913250578917,94.51406261797091,92.4326912703173,0.0,95.62723081681206,95.48755374714557,93.04432446682753,90.98396012009967,97.37440918848077,95.13440105012346,95.11760667008336,93.71990344705314,0.0,96.94117547131208,0.0,93.43629442001085,92.08214147008741,
97.31669490601178,95.74065985257194,94.32596657108466,92.96076564869807,91.74537359980108,0.0,86.37777954995562,86.09176272857596,85.93537427430985,0.0,93.26048377419234,92.99303153163825,91.88531462909522,0.0,86.4131202163846,87.58825201900028,87.24360043342762,87.08181010924483,92.95553790068037,92.00509916324984,90.73494037683734,90.6918828701684,0.0,0.0,90.17743134129081,88.40350441434302,88.24218554161487,92.46610480378905,92.49659228841908,91.83137362313879,90.31359268351638,0.0,91.69997583562719,91.62186163796275,90.61129739987375,89.41709078061157,93.70799377107494,0.0,93.17240299588559,92.55157921054037,90.72457008577668,92.95141726314456,0.0,91.8592304326636,91.68961048261524,94.96917897542508,93.37088565573633,93.19076479792332,93.94606941842571,92.43590828152807,93.17072361323122,91.92055038919212,91.8111801469211,92.90654478859577,95.1328718218756,95.65957404934984,94.32514187919803,94.17676976285583,91.8280454356961,93.36319469279525,94.23201122337116,92.91793339881255,92.98362413077736,97.55825372298293,97.17494607118834,94.73737071860222,92.65352785876057,0.0,95.91927749448838,95.77614515381971,93.32900798101784,91.26303596021032,97.60275701619827,95.36021450957692,95.34091397690699,93.94073317083252,0.0,97.2336539256574,0.0,93.71840230451234,92.36109803553181,
97.57326697121731,95.99430568073983,94.57672779316647,93.20870995160463,91.99083875550899,0.0,86.62534819098384,86.3435569948861,86.18104046562053,0.0,93.51124499627413,93.24100669686737,92.13078297470913,0.0,86.6605094599942,87.83676991856994,87.49930978067121,87.32955496344317,93.16121277321,92.24854383878142,90.97973185351775,90.93482227902732,0.0,0.0,90.42598726285765,88.66272018273361,88.49104912203526,92.66431909782276,92.63641285572868,92.02617155648076,90.51588015467699,0.0,91.9500274257438,91.86924788368404,90.87431881722353,89.66641921331657,93.91276768114376,0.0,93.3730433602419,92.75479883868486,90.96949152064737,93.20176591772243,0.0,92.12698497413137,91.93881232453546,95.17366465454883,93.57310830102537,93.3908024868542,94.14442174308117,92.63689333178229,93.42202090358332,92.18053904072988,92.08207221811716,93.15489714795011,95.33735601066095,95.86178946754798,94.52511954803227,94.37458674781189,92.02425679483137,93.61993117706695,94.49211688107692,93.17654293865183,93.2305213613317,97.76273772748495,97.37716064560296,94.93734169544462,92.8512858922252,0.0,96.18340424859613,96.03718826967446,93.58688966258012,91.51698256061243,97.80724100244103,95.5624289859956,95.54088421362943,94.13848478192449,0.0,97.49816619709361,0.0,93.9737312952381,92.61372079240634,